,2020-9-21,2,1301,1
,2020-9-21,1,2277,1
,2020-9-21,2,3277,15
,2020-9-21,2,2866,1
,2020-9-21,1,3164,1
,2020-9-21,1,385,1
,2020-9-21,1,3564,1
,2020-9-21,1,3838,1
,2020-9-21,3,2430,19
,2020-9-21,1,3941,3
,2020-9-21,3,503,12
,2020-9-21,2,1423,1
,2020-9-21,1,1747,1
,2020-9-21,1,2878,1
,2020-9-21,2,1362,1
,2020-9-21,2,1585,1
,2020-9-21,2,873,1
,2020-9-21,2,341,1
,2020-9-21,1,663,1
,2020-9-21,2,1216,1
,2020-9-21,1,2626,1
,2020-9-21,1,894,1
,2020-9-21,2,4027,1
,2020-9-21,2,970,1
,2020-9-21,3,1506,7
,2020-9-21,2,2195,1
,2020-9-21,7,92,14
,2020-9-21,2,3007,1
,2020-9-21,1,288,1
,2020-9-21,5,1151,12
,2020-9-21,6,1844,11
,2020-9-21,13,1636,14
,2020-9-21,1,1008,1
,2020-9-21,2,2566,14
,2020-9-21,1,2134,7
,2020-9-21,1,2097,1
,2020-9-21,1,2663,1
,2020-9-21,2,1455,1
,2020-9-21,1,2404,11
,2020-9-21,1,1305,1
,2020-9-21,2,1748,1
,2020-9-21,1,972,1
,2020-9-21,1,3800,1
,2020-9-21,4,3423,18
,2020-9-21,1,2832,1
,2020-9-21,2,3700,1
,2020-9-21,7,3294,7
,2020-9-21,5,60,4
,2020-9-21,1,930,1
,2020-9-21,6,474,16
,2020-9-21,2,2683,1
,2020-9-21,2,3792,1
,2020-9-21,2,857,1
,2020-9-21,2,542,1
,2020-9-21,2,904,1
,2020-9-21,1,3157,1
,2020-9-21,10,1695,11
,2020-9-21,2,3174,1
,2020-9-21,2,3233,1
,2020-9-21,2,3884,1
,2020-9-21,1,345,1
,2020-9-21,1,1270,1
,2020-9-21,1,1397,1
,2020-9-21,9,3344,14
,2020-9-21,2,2556,1
,2020-9-21,2,3798,1
,2020-9-21,2,1448,1
,2020-9-21,1,3477,1
,2020-9-21,2,1961,1
,2020-9-21,1,1094,1
,2020-9-21,1,178,1
,2020-9-21,2,2057,1
,2020-9-21,1,1602,1
,2020-9-21,1,1199,1
,2020-9-21,1,543,1
,2020-9-21,1,3228,1
,2020-9-21,1,1767,1
,2020-9-21,1,2049,1
,2020-9-21,1,2225,1
,2020-9-21,2,968,1
,2020-9-21,3,2150,14
,2020-9-21,2,2756,1
,2020-9-21,2,3136,1
,2020-9-21,1,3918,1
,2020-9-21,1,3991,1
,2020-9-21,1,2749,1
,2020-9-21,2,1043,1
,2020-9-21,2,3980,3
,2020-9-21,1,698,1
,2020-9-21,2,3913,1
,2020-9-21,2,2895,1
,2020-9-21,3,3281,5
,2020-9-21,1,2835,1
,2020-9-21,2,1677,7
,2020-9-21,2,2631,1
,2020-9-21,2,3263,1
,2020-9-21,2,150,1
,2020-9-21,2,1771,1
,2020-9-21,2,2540,1
,2020-9-21,2,3228,1
,2020-9-21,1,242,1
,2020-9-21,2,734,1
,2020-9-21,11,2570,11
,2020-9-21,4,108,7
,2020-9-21,1,1629,1
,2020-9-21,13,479,13
,2020-9-21,2,1296,1
,2020-9-21,4,3286,13
,2020-9-21,1,3055,1
,2020-9-21,7,1022,7
,2020-9-21,11,2105,14
,2020-9-21,7,632,6
,2020-9-21,2,1822,1
,2020-9-21,2,1533,2
,2020-9-21,1,1454,1
,2020-9-21,2,300,1
,2020-9-21,5,2314,4
,2020-9-21,14,3426,14
,2020-9-21,1,2216,1
,2020-9-21,9,1730,18
,2020-9-21,2,899,1
,2020-9-21,10,2970,11
,2020-9-21,15,3325,20
,2020-9-21,2,575,1
,2020-9-21,17,2141,17
,2020-9-21,9,49,12
,2020-9-21,2,1783,1
,2020-9-21,5,184,16
,2020-9-21,10,71,15
,2020-9-21,2,1104,1
,2020-9-21,1,2841,1
,2020-9-21,2,2961,9
,2020-9-21,2,2901,1
,2020-9-21,1,1793,1
,2020-9-21,13,3386,18
,2020-9-21,1,530,1
,2020-9-21,2,603,1
,2020-9-21,11,1935,13
,2020-9-21,2,260,1
,2020-9-21,2,2605,1
,2020-9-21,2,537,1
,2020-9-21,5,427,11
,2020-9-21,1,2285,1
,2020-9-21,2,1342,1
,2020-9-21,1,3337,5
,2020-9-21,1,3201,1
,2020-9-21,1,3237,1
,2020-9-21,1,351,1
,2020-9-21,2,385,1
,2020-9-21,3,400,20
,2020-9-21,9,2372,18
,2020-9-21,2,1456,1
,2020-9-21,1,2661,1
,2020-9-21,7,2151,11
,2020-9-21,1,3365,1
,2020-9-21,1,2024,1
,2020-9-21,2,1216,1
,2020-9-21,3,1835,3
,2020-9-21,2,217,1
,2020-9-21,1,3652,1
,2020-9-21,1,1231,1
,2020-9-21,1,216,1
,2020-9-21,2,552,1
,2020-9-21,13,2132,17
,2020-9-21,1,1089,1
,2020-9-21,11,1695,11
,2020-9-21,2,278,1
,2020-9-21,2,1586,1
,2020-9-21,1,3470,1
,2020-9-21,2,843,1
,2020-9-21,2,1442,1
,2020-9-21,5,3300,13
,2020-9-21,2,3665,1
,2020-9-21,3,2567,2
,2020-9-21,1,3187,1
,2020-9-21,4,2967,4
,2020-9-21,1,3694,1
,2020-9-21,1,321,1
,2020-9-21,2,2654,1
,2020-9-21,1,3446,1
,2020-9-21,2,2479,1
,2020-9-21,2,1839,2
,2020-9-21,2,3161,1
,2020-9-21,1,216,1
,2020-9-21,1,880,1
,2020-9-21,2,682,1
,2020-9-21,1,2448,1
,2020-9-21,3,491,4
,2020-9-21,1,336,1
,2020-9-21,16,3614,18
,2020-9-21,13,481,13
,2020-9-21,2,3042,1
,2020-9-21,2,3447,1
,2020-9-21,7,1386,11
,2020-9-21,2,3011,1
,2020-9-21,2,3175,1
,2020-9-21,12,2356,15
,2020-9-21,2,712,1
,2020-9-21,7,3611,15
,2020-9-21,1,1238,1
,2020-9-21,1,3221,1
,2020-9-21,3,4007,5
,2020-9-21,1,2378,1
,2020-9-21,3,3579,7
,2020-9-21,2,2964,1
,2020-9-21,12,1360,12
,2020-9-21,1,1133,1
,2020-9-21,3,2566,14
,2020-9-21,1,1796,1
,2020-9-21,2,325,1
,2020-9-21,2,3754,1
,2020-9-21,7,1699,7
,2020-9-21,2,3749,1
,2020-9-21,10,141,19
,2020-9-21,1,381,1
,2020-9-21,1,2210,1
,2020-9-21,2,646,1
,2020-9-21,2,2104,1
,2020-9-21,20,1901,19
,2020-9-21,4,2091,13
,2020-9-21,3,63,7
,2020-9-21,3,1539,4
,2020-9-21,5,3380,5
,2020-9-21,1,974,1
,2020-9-21,2,2543,1
,2020-9-21,1,2437,1
,2020-9-21,2,351,1
,2020-9-21,1,1563,1
,2020-9-21,6,1933,20
,2020-9-21,2,2504,4
,2020-9-21,6,3680,9
,2020-9-21,1,1680,11
,2020-9-21,2,2987,1
,2020-9-21,8,1940,11
,2020-9-21,2,412,1
,2020-9-21,6,2975,19
,2020-9-21,1,1325,1
,2020-9-21,4,139,12
,2020-9-21,13,1927,14
,2020-9-21,4,3763,14
,2020-9-21,1,1230,1
,2020-9-21,1,1801,1
,2020-9-21,2,969,1
,2020-9-21,1,1097,1
,2020-9-21,2,2617,1
,2020-9-21,1,3610,1
,2020-9-21,6,1909,15
,2020-9-21,3,3935,16
,2020-9-21,2,1328,1
,2020-9-21,2,2706,1
,2020-9-21,8,789,14
,2020-9-21,1,3347,7
,2020-9-21,2,1569,1
,2020-9-21,1,2116,0
,2020-9-21,4,1943,3
,2020-9-21,10,2167,10
,2020-9-21,2,3654,1
,2020-9-21,2,2644,1
,2020-9-21,1,1336,1
,2020-9-21,1,3243,1
,2020-9-21,5,123,5
,2020-9-21,1,3649,1
,2020-9-21,11,3250,13
,2020-9-21,2,3989,6
,2020-9-21,7,821,16
,2020-9-21,1,2551,1
,2020-9-21,2,355,1
,2020-9-21,2,1423,1
,2020-9-21,1,2457,1
,2020-9-21,1,443,1
,2020-9-21,2,239,1
,2020-9-21,1,1257,1
,2020-9-21,1,3166,1
,2020-9-21,2,3731,1
,2020-9-21,1,2831,1
,2020-9-21,2,929,1
,2020-9-21,2,3759,1
,2020-9-21,3,2587,2
,2020-9-21,1,604,1
,2020-9-21,1,856,1
,2020-9-21,4,3101,4
,2020-9-21,2,2830,1
,2020-9-21,3,116,14
,2020-9-21,7,28,17
,2020-9-21,1,3188,1
,2020-9-21,1,3173,1
,2020-9-21,1,2022,1
,2020-9-21,2,3369,1
,2020-9-21,5,3517,9
,2020-9-21,15,3560,15
,2020-9-21,1,971,1
,2020-9-21,1,538,1
,2020-9-21,2,169,1
,2020-9-21,2,3231,1
,2020-9-21,1,2656,1
,2020-9-21,1,2908,1
,2020-9-21,2,281,1
,2020-9-21,2,516,1
,2020-9-21,2,214,1
,2020-9-21,1,1791,1
,2020-9-21,2,487,19
,2020-9-21,2,3330,10
,2020-9-21,2,3797,1
,2020-9-21,2,1688,9
,2020-9-21,1,319,1
,2020-9-21,14,1905,14
,2020-9-21,1,2950,1
,2020-9-21,1,2483,1
,2020-9-21,3,3324,7
,2020-9-21,2,2033,1
,2020-9-21,1,2376,1
,2020-9-21,4,103,19
,2020-9-21,6,125,10
,2020-9-21,2,674,1
,2020-9-21,2,2035,1
,2020-9-21,8,1552,8
,2020-9-21,1,210,1
,2020-9-21,6,63,7
,2020-9-21,7,994,6
,2020-9-21,1,4040,1
,2020-9-21,2,843,1
,2020-9-21,1,65,1
,2020-9-21,17,202,16
,2020-9-21,1,2009,1
,2020-9-21,1,2469,1
,2020-9-21,4,82,6
,2020-9-21,2,2052,1
,2020-9-21,1,3586,3
,2020-9-21,2,516,1
,2020-9-21,4,632,6
,2020-9-21,7,3355,14
,2020-9-21,2,3451,1
,2020-9-21,5,190,12
,2020-9-21,1,3026,1
,2020-9-21,1,1337,1
,2020-9-21,1,1772,1
,2020-9-21,2,1832,1
,2020-9-21,7,3333,13
,2020-9-21,8,3984,11
,2020-9-21,2,3905,1
,2020-9-21,8,1882,7
,2020-9-21,1,2809,1
,2020-9-21,1,3902,1
,2020-9-21,1,707,1
,2020-9-21,4,824,3
,2020-9-21,2,2688,1
,2020-9-21,2,1983,1
,2020-9-21,4,809,5
,2020-9-21,3,2368,4
,2020-9-21,1,2820,1
,2020-9-21,4,812,7
,2020-9-21,1,1628,1
,2020-9-21,2,1362,1
,2020-9-21,1,582,1
,2020-9-21,2,2128,18
,2020-9-21,2,3225,1
,2020-9-21,1,3211,1
,2020-9-21,2,3895,1
,2020-9-21,2,6,2
,2020-9-21,2,1603,1
,2020-9-21,10,3944,9
,2020-9-21,2,1349,1
,2020-9-21,2,250,1
,2020-9-21,2,3395,1
,2020-9-21,1,2558,1
,2020-9-21,2,1178,1
,2020-9-21,1,695,1
,2020-9-21,2,1462,1
,2020-9-21,8,116,14
,2020-9-21,1,429,19
,2020-9-21,4,2508,5
,2020-9-21,14,2402,19
,2020-9-21,2,3026,1
,2020-9-21,2,1958,1
,2020-9-21,7,2130,6
,2020-9-21,3,1739,8
,2020-9-21,1,3462,1
,2020-9-21,1,2045,1
,2020-9-21,2,3240,1
,2020-9-21,1,3546,1
,2020-9-21,2,4018,1
,2020-9-21,10,1521,14
,2020-9-21,1,2285,1
,2020-9-21,1,1099,1
,2020-9-21,2,998,1
,2020-9-21,2,3151,1
,2020-9-21,11,19,16
,2020-9-21,1,3712,1
,2020-9-21,2,3927,1
,2020-9-21,1,1994,1
,2020-9-21,2,1352,15
,2020-9-21,1,3482,1
,2020-9-21,1,1563,1
,2020-9-21,1,2651,1
,2020-9-21,1,2947,1
,2020-9-21,1,3181,1
,2020-9-21,1,3858,1
,2020-9-21,2,66,5
,2020-9-21,1,3467,1
,2020-9-21,2,1606,1
,2020-9-21,9,71,15
,2020-9-21,6,2350,18
,2020-9-21,6,1692,8
,2020-9-21,1,2046,1
,2020-9-21,5,1722,17
,2020-9-21,4,1287,12
,2020-9-21,1,2882,1
,2020-9-21,1,2203,1
,2020-9-21,5,826,11
,2020-9-21,2,904,1
,2020-9-21,1,2447,1
,2020-9-21,3,3931,3
,2020-9-21,1,2484,1
,2020-9-21,12,2318,18
,2020-9-21,4,781,18
,2020-9-21,7,4005,12
,2020-9-21,9,2371,15
,2020-9-21,2,3775,1
,2020-9-21,5,3508,5
,2020-9-21,1,2242,1
,2020-9-21,2,3661,1
,2020-9-21,4,1937,9
,2020-9-21,5,1071,7
,2020-9-21,3,1668,6
,2020-9-21,1,772,1
,2020-9-21,1,1451,1
,2020-9-21,7,1340,12
,2020-9-21,2,167,1
,2020-9-21,2,2624,1
,2020-9-21,2,1302,1
,2020-9-21,5,48,8
,2020-9-21,8,3379,10
,2020-9-21,11,1912,10
,2020-9-21,1,2621,1
,2020-9-21,6,2318,18
,2020-9-21,1,1684,1
,2020-9-21,1,323,1
,2020-9-21,2,3837,1
,2020-9-21,4,123,5
,2020-9-21,1,3726,1
,2020-9-21,16,133,19
,2020-9-21,2,3360,1
,2020-9-21,2,636,1
,2020-9-21,5,3337,5
,2020-9-21,1,2861,1
,2020-9-21,1,3368,1
,2020-9-21,2,1109,1
,2020-9-21,1,1564,1
,2020-9-21,1,2697,1
,2020-9-21,7,3427,7
,2020-9-21,2,397,1
,2020-9-21,2,3199,1
,2020-9-21,2,2378,1
,2020-9-21,1,3759,1
,2020-9-21,4,41,4
,2020-9-21,2,2546,1
,2020-9-21,4,99,10
,2020-9-21,6,2342,12
,2020-9-21,1,663,1
,2020-9-21,1,1677,7
,2020-9-21,1,3214,1
,2020-9-21,2,969,1
,2020-9-21,2,688,1
,2020-9-21,8,2168,13
,2020-9-21,2,1756,1
,2020-9-21,1,1830,1
,2020-9-21,2,3473,1
,2020-9-21,4,2733,3
,2020-9-21,2,2081,5
,2020-9-21,1,2458,1
,2020-9-21,2,3504,19
,2020-9-21,1,2025,1
,2020-9-21,2,2014,1
,2020-9-21,1,700,1
,2020-9-21,2,3429,17
,2020-9-21,1,1948,6
,2020-9-21,6,1482,6
,2020-9-21,3,2345,4
,2020-9-21,1,580,1
,2020-9-21,1,3698,1
,2020-9-21,2,3395,1
,2020-9-21,7,3294,7
,2020-9-21,2,1911,1
,2020-9-21,2,2052,1
,2020-9-21,2,2838,1
,2020-9-21,1,1569,1
,2020-9-21,6,3257,18
,2020-9-21,1,1317,1
,2020-9-21,2,2898,1
,2020-9-21,1,2257,1
,2020-9-21,2,772,1
,2020-9-21,9,790,12
,2020-9-21,5,3294,7
,2020-9-21,2,2938,1
,2020-9-21,2,1359,3
,2020-9-21,2,422,1
,2020-9-21,2,2074,1
,2020-9-21,10,2388,14
,2020-9-21,11,1933,20
,2020-9-21,8,504,9
,2020-9-21,1,1242,1
,2020-9-21,1,3698,1
,2020-9-21,1,1406,1
,2020-9-21,2,1472,2
,2020-9-21,6,1544,11
,2020-9-21,2,1205,1
,2020-9-21,8,2370,14
,2020-9-21,1,1979,1
,2020-9-21,1,2732,1
,2020-9-21,1,3241,1
,2020-9-21,1,2658,1
,2020-9-21,8,3329,10
,2020-9-22,8,4003,16
,2020-9-22,14,1148,13
,2020-9-22,7,3415,11
,2020-9-22,3,3277,15
,2020-9-22,8,1695,11
,2020-9-22,1,4031,1
,2020-9-22,1,3381,4
,2020-9-22,1,383,1
,2020-9-22,3,826,11
,2020-9-22,1,2812,1
,2020-9-22,1,1626,1
,2020-9-22,1,3817,1
,2020-9-22,2,1961,1
,2020-9-22,1,3867,1
,2020-9-22,11,4002,14
,2020-9-22,2,2832,1
,2020-9-22,2,3027,1
,2020-9-22,2,3227,1
,2020-9-22,1,2690,1
,2020-9-22,2,2821,1
,2020-9-22,1,1822,1
,2020-9-22,3,1898,7
,2020-9-22,2,644,1
,2020-9-22,2,1553,1
,2020-9-22,1,1339,1
,2020-9-22,1,2936,1
,2020-9-22,2,2658,1
,2020-9-22,2,299,1
,2020-9-22,2,1113,1
,2020-9-22,1,3586,3
,2020-9-22,8,1541,12
,2020-9-22,2,2067,1
,2020-9-22,1,1609,1
,2020-9-22,2,2474,1
,2020-9-22,2,32,1
,2020-9-22,1,3885,1
,2020-9-22,19,2596,18
,2020-9-22,2,591,1
,2020-9-22,1,2820,1
,2020-9-22,1,3828,1
,2020-9-22,8,80,14
,2020-9-22,2,3033,1
,2020-9-22,1,581,1
,2020-9-22,2,1096,1
,2020-9-22,2,3096,17
,2020-9-22,2,2513,7
,2020-9-22,1,540,1
,2020-9-22,10,3529,15
,2020-9-22,19,3325,20
,2020-9-22,2,825,7
,2020-9-22,1,3201,1
,2020-9-22,1,265,1
,2020-9-22,1,3004,1
,2020-9-22,1,2561,1
,2020-9-22,1,3824,1
,2020-9-22,2,3362,1
,2020-9-22,1,1320,1
,2020-9-22,2,3352,2
,2020-9-22,2,1425,1
,2020-9-22,2,579,1
,2020-9-22,1,1486,1
,2020-9-22,1,3844,1
,2020-9-22,1,1576,1
,2020-9-22,2,2978,1
,2020-9-22,2,901,1
,2020-9-22,1,1249,1
,2020-9-22,1,2367,2
,2020-9-22,1,3023,1
,2020-9-22,2,977,1
,2020-9-22,11,37,18
,2020-9-22,6,3954,18
,2020-9-22,2,2207,1
,2020-9-22,8,2532,8
,2020-9-22,4,2531,3
,2020-9-22,2,265,1
,2020-9-22,2,4025,1
,2020-9-22,5,3341,16
,2020-9-22,2,727,1
,2020-9-22,10,2346,17
,2020-9-22,1,3790,1
,2020-9-22,4,3281,5
,2020-9-22,2,4012,1
,2020-9-22,10,2564,18
,2020-9-22,3,3938,6
,2020-9-22,1,1955,1
,2020-9-22,12,1865,15
,2020-9-22,1,529,1
,2020-9-22,1,1401,1
,2020-9-22,11,3310,19
,2020-9-22,1,3222,1
,2020-9-22,3,491,4
,2020-9-22,1,3124,1
,2020-9-22,1,770,1
,2020-9-22,2,3456,1
,2020-9-22,1,589,1
,2020-9-22,1,1903,8
,2020-9-22,1,1454,1
,2020-9-22,2,442,1
,2020-9-22,2,3013,1
,2020-9-22,2,1111,1
,2020-9-22,1,2668,1
,2020-9-22,2,1454,1
,2020-9-22,5,3292,5
,2020-9-22,1,2551,1
,2020-9-22,2,1427,1
,2020-9-22,2,3994,1
,2020-9-22,9,2164,10
,2020-9-22,1,737,1
,2020-9-22,2,1685,5
,2020-9-22,2,590,1
,2020-9-22,2,3219,1
,2020-9-22,5,3970,9
,2020-9-22,2,4020,1
,2020-9-22,2,2046,1
,2020-9-22,2,3644,1
,2020-9-22,2,2700,1
,2020-9-22,5,1147,11
,2020-9-22,2,2652,1
,2020-9-22,2,3749,1
,2020-9-22,2,2873,1
,2020-9-22,2,2824,1
,2020-9-22,1,3360,1
,2020-9-22,2,1640,2
,2020-9-22,1,3910,1
,2020-9-22,19,2159,19
,2020-9-22,2,3739,1
,2020-9-22,12,3094,14
,2020-9-22,2,2716,1
,2020-9-22,5,3285,8
,2020-9-22,1,561,1
,2020-9-22,12,85,13
,2020-9-22,1,1814,1
,2020-9-22,6,842,12
,2020-9-22,2,1631,1
,2020-9-22,2,1418,1
,2020-9-22,1,2790,1
,2020-9-22,2,2004,12
,2020-9-22,2,3271,9
,2020-9-22,1,3563,1
,2020-9-22,2,3752,1
,2020-9-22,2,3452,1
,2020-9-22,2,1332,1
,2020-9-22,2,462,1
,2020-9-22,1,390,1
,2020-9-22,1,3495,1
,2020-9-22,2,3425,4
,2020-9-22,1,558,1
,2020-9-22,1,2382,1
,2020-9-22,2,971,1
,2020-9-22,1,3180,1
,2020-9-22,1,3439,1
,2020-9-22,1,3453,1
,2020-9-22,2,3033,1
,2020-9-22,1,2387,5
,2020-9-22,4,1842,14
,2020-9-22,1,603,1
,2020-9-22,2,3078,1
,2020-9-22,1,3991,1
,2020-9-22,15,1641,14
,2020-9-22,7,1489,7
,2020-9-22,1,4013,1
,2020-9-22,1,2003,1
,2020-9-22,2,15,6
,2020-9-22,2,1417,1
,2020-9-22,3,1716,5
,2020-9-22,1,3028,1
,2020-9-22,1,282,1
,2020-9-22,5,59,6
,2020-9-22,3,1054,18
,2020-9-22,2,215,1
,2020-9-22,2,725,1
,2020-9-22,2,1507,3
,2020-9-22,18,37,18
,2020-9-22,2,2195,1
,2020-9-22,2,1788,1
,2020-9-22,1,1328,1
,2020-9-22,3,3319,7
,2020-9-22,1,3159,1
,2020-9-22,3,1891,11
,2020-9-22,2,238,1
,2020-9-22,2,2289,1
,2020-9-22,1,1111,1
,2020-9-22,2,1085,1
,2020-9-22,1,730,1
,2020-9-22,2,3041,1
,2020-9-22,2,4012,1
,2020-9-22,2,3612,1
,2020-9-22,2,2479,1
,2020-9-22,1,335,1
,2020-9-22,8,1493,17
,2020-9-22,1,458,1
,2020-9-22,1,154,1
,2020-9-22,2,234,1
,2020-9-22,5,845,9
,2020-9-22,1,2286,1
,2020-9-22,2,2620,1
,2020-9-22,2,3548,1
,2020-9-22,1,3065,1
,2020-9-22,4,1523,9
,2020-9-22,2,1513,15
,2020-9-22,1,279,1
,2020-9-22,2,3704,1
,2020-9-22,2,396,1
,2020-9-22,1,3759,1
,2020-9-22,12,1680,11
,2020-9-22,6,2590,7
,2020-9-22,2,386,1
,2020-9-22,1,276,1
,2020-9-22,1,794,0
,2020-9-22,2,497,7
,2020-9-22,2,658,1
,2020-9-22,9,1926,18
,2020-9-22,1,1082,1
,2020-9-22,1,1144,1
,2020-9-22,2,211,1
,2020-9-22,7,753,9
,2020-9-22,1,848,1
,2020-9-22,3,2725,10
,2020-9-22,1,178,1
,2020-9-22,6,980,8
,2020-9-22,1,3484,1
,2020-9-22,1,680,1
,2020-9-22,2,3087,2
,2020-9-22,1,906,1
,2020-9-22,2,1229,1
,2020-9-22,1,2864,1
,2020-9-22,9,1271,16
,2020-9-22,5,3979,10
,2020-9-22,2,3283,1
,2020-9-22,4,751,11
,2020-9-22,1,1244,1
,2020-9-22,3,404,3
,2020-9-22,6,1477,12
,2020-9-22,2,1001,8
,2020-9-22,1,2771,1
,2020-9-22,2,3790,1
,2020-9-22,2,2217,1
,2020-9-22,9,1547,13
,2020-9-22,2,3838,1
,2020-9-22,4,618,7
,2020-9-22,4,2134,7
,2020-9-22,1,3192,1
,2020-9-22,11,3605,20
,2020-9-22,1,995,2
,2020-9-22,2,1985,1
,2020-9-22,2,771,1
,2020-9-22,1,2843,1
,2020-9-22,7,495,14
,2020-9-22,2,3891,1
,2020-9-22,1,2512,5
,2020-9-22,6,1938,10
,2020-9-22,1,1628,1
,2020-9-22,3,753,9
,2020-9-22,2,1581,1
,2020-9-22,1,300,1
,2020-9-22,2,1584,1
,2020-9-22,16,1376,16
,2020-9-22,1,1096,1
,2020-9-22,4,1922,5
,2020-9-22,2,3779,1
,2020-9-22,2,378,1
,2020-9-22,3,3384,14
,2020-9-22,2,2147,1
,2020-9-22,1,972,1
,2020-9-22,1,2701,1
,2020-9-22,1,1631,1
,2020-9-22,2,3722,1
,2020-9-22,5,83,7
,2020-9-22,2,1092,1
,2020-9-22,2,3800,1
,2020-9-22,1,1083,1
,2020-9-22,11,505,17
,2020-9-22,1,778,2
,2020-9-22,5,1875,7
,2020-9-22,1,658,1
,2020-9-22,2,3807,1
,2020-9-22,9,613,16
,2020-9-22,1,231,1
,2020-9-22,2,1108,1
,2020-9-22,2,2314,4
,2020-9-22,1,1098,1
,2020-9-22,2,3495,1
,2020-9-22,1,937,1
,2020-9-22,2,2190,1
,2020-9-22,2,3874,1
,2020-9-22,2,2247,1
,2020-9-22,2,3150,1
,2020-9-22,2,2814,1
,2020-9-22,2,2837,1
,2020-9-22,3,3517,9
,2020-9-22,1,2234,1
,2020-9-22,3,1548,3
,2020-9-22,2,2142,1
,2020-9-22,1,3198,1
,2020-9-22,2,2892,1
,2020-9-22,2,2671,1
,2020-9-22,2,725,1
,2020-9-22,9,2971,13
,2020-9-22,1,956,1
,2020-9-22,6,3102,20
,2020-9-22,2,107,2
,2020-9-22,1,1788,1
,2020-9-22,1,1046,1
,2020-9-22,2,642,1
,2020-9-22,2,3840,1
,2020-9-22,1,283,1
,2020-9-22,2,2214,1
,2020-9-22,2,1818,1
,2020-9-22,9,488,18
,2020-9-22,2,3746,1
,2020-9-22,9,1840,14
,2020-9-22,1,301,1
,2020-9-22,2,3871,1
,2020-9-22,1,38,4
,2020-9-22,2,2632,1
,2020-9-22,14,616,19
,2020-9-22,1,941,1
,2020-9-22,6,1685,5
,2020-9-22,2,1403,1
,2020-9-22,3,1643,8
,2020-9-22,8,1031,9
,2020-9-22,1,2554,1
,2020-9-22,1,2827,1
,2020-9-22,2,3654,1
,2020-9-22,13,3299,19
,2020-9-22,1,3893,1
,2020-9-22,8,1387,12
,2020-9-22,2,3068,1
,2020-9-22,1,671,1
,2020-9-22,9,1903,8
,2020-9-22,1,1992,1
,2020-9-22,8,125,10
,2020-9-22,1,3863,1
,2020-9-22,6,3115,17
,2020-9-22,1,153,1
,2020-9-22,2,608,2
,2020-9-22,11,837,15
,2020-9-22,2,3314,1
,2020-9-22,3,986,9
,2020-9-22,3,2338,9
,2020-9-22,2,3476,1
,2020-9-22,5,1379,9
,2020-9-22,1,3665,1
,2020-9-22,18,2347,19
,2020-9-22,4,41,4
,2020-9-22,2,2013,1
,2020-9-22,2,552,1
,2020-9-22,1,799,1
,2020-9-22,17,37,18
,2020-9-22,1,967,1
,2020-9-22,2,418,1
,2020-9-22,6,3286,13
,2020-9-22,1,2640,1
,2020-9-22,1,2420,1
,2020-9-22,1,1440,1
,2020-9-22,12,3577,16
,2020-9-22,2,1745,1
,2020-9-22,2,851,1
,2020-9-22,2,856,1
,2020-9-22,1,2831,1
,2020-9-22,2,4008,1
,2020-9-22,1,263,1
,2020-9-22,2,2155,6
,2020-9-22,1,3043,1
,2020-9-22,2,706,1
,2020-9-22,1,2686,1
,2020-9-22,2,3884,1
,2020-9-22,1,1966,1
,2020-9-22,2,367,1
,2020-9-22,1,2029,1
,2020-9-22,1,502,3
,2020-9-22,1,2849,1
,2020-9-22,3,773,2
,2020-9-22,2,3799,1
,2020-9-22,2,2857,1
,2020-9-22,1,3775,1
,2020-9-22,2,1738,1
,2020-9-22,3,2575,5
,2020-9-22,1,2897,1
,2020-9-22,1,2841,1
,2020-9-22,1,430,5
,2020-9-22,11,1490,11
,2020-9-22,14,1020,18
,2020-9-22,4,2575,5
,2020-9-22,8,777,9
,2020-9-22,4,67,4
,2020-9-22,1,1857,3
,2020-9-22,1,1443,1
,2020-9-22,1,337,1
,2020-9-22,1,1143,1
,2020-9-22,1,3615,0
,2020-9-22,1,896,1
,2020-9-22,3,748,4
,2020-9-22,1,1130,1
,2020-9-22,11,983,10
,2020-9-22,2,2922,1
,2020-9-22,1,2937,1
,2020-9-22,11,3106,10
,2020-9-22,2,2048,1
,2020-9-22,2,713,1
,2020-9-22,2,434,4
,2020-9-22,2,3659,1
,2020-9-22,1,2818,1
,2020-9-22,1,973,1
,2020-9-22,3,3104,18
,2020-9-22,2,772,1
,2020-9-22,5,2310,10
,2020-9-22,2,3402,1
,2020-9-22,1,2465,1
,2020-9-22,2,1846,1
,2020-9-22,1,2542,1
,2020-9-22,1,3211,1
,2020-9-22,1,3065,1
,2020-9-22,2,2382,1
,2020-9-22,5,2568,5
,2020-9-22,5,1715,13
,2020-9-22,1,1522,10
,2020-9-22,3,1488,12
,2020-9-22,2,2635,1
,2020-9-22,1,1105,1
,2020-9-22,4,2505,8
,2020-9-22,1,676,1
,2020-9-22,1,2782,1
,2020-9-22,1,3066,1
,2020-9-22,5,1677,7
,2020-9-22,2,598,1
,2020-9-22,2,2888,1
,2020-9-22,4,1713,4
,2020-9-22,1,227,1
,2020-9-22,2,2496,1
,2020-9-22,2,1050,8
,2020-9-22,2,3991,1
,2020-9-22,1,3486,1
,2020-9-22,2,892,1
,2020-9-22,1,2008,1
,2020-9-22,2,3569,1
,2020-9-22,1,2679,1
,2020-9-22,5,2357,19
,2020-9-22,1,2279,1
,2020-9-22,2,2879,1
,2020-9-22,2,162,1
,2020-9-22,5,3521,13
,2020-9-22,12,3594,18
,2020-9-22,1,239,1
,2020-9-22,5,2144,10
,2020-9-22,1,533,1
,2020-9-22,4,2516,13
,2020-9-22,2,3917,1
,2020-9-22,1,2797,1
,2020-9-22,1,3875,1
,2020-9-22,5,3374,9
,2020-9-22,2,178,1
,2020-9-22,2,4019,1
,2020-9-22,2,1315,1
,2020-9-22,2,2217,1
,2020-9-22,6,142,16
,2020-9-22,2,3499,1
,2020-9-22,8,2532,8
,2020-9-22,3,1068,2
,2020-9-22,2,1819,1
,2020-9-22,1,1408,1
,2020-9-22,2,1205,1
,2020-9-22,2,518,1
,2020-9-22,2,1461,1
,2020-9-22,1,3569,1
,2020-9-22,2,519,1
,2020-9-22,2,388,1
,2020-9-22,1,4024,1
,2020-9-22,2,1137,1
,2020-9-22,2,3705,1
,2020-9-22,2,2840,1
,2020-9-22,2,3993,1
,2020-9-22,3,2505,8
,2020-9-22,2,681,1
,2020-9-22,1,2843,1
,2020-9-22,1,3921,1
,2020-9-22,12,3250,13
,2020-9-22,1,2856,1
,2020-9-22,16,3084,17
,2020-9-22,2,3729,1
,2020-9-22,2,41,4
,2020-9-22,1,2052,1
,2020-9-22,2,639,1
,2020-9-22,1,2440,1
,2020-9-22,1,1808,1
,2020-9-22,1,2655,1
,2020-9-22,8,499,11
,2020-9-22,1,3759,1
,2020-9-22,1,3894,1
,2020-9-22,5,3765,18
,2020-9-22,1,1411,1
,2020-9-22,1,600,1
,2020-9-22,1,1822,1
,2020-9-22,1,2289,1
,2020-9-22,2,514,1
,2020-9-22,1,2484,1
,2020-9-22,5,1880,19
,2020-9-22,2,3636,1
,2020-9-22,1,3407,0
,2020-9-22,9,1360,12
,2020-9-22,1,1308,1
,2020-9-22,1,904,1
,2020-9-22,4,2136,3
,2020-9-22,1,3246,1
,2020-9-22,6,3080,8
,2020-9-22,3,3985,19
,2020-9-22,2,3366,1
,2020-9-22,2,1985,1
,2020-9-22,1,1956,1
,2020-9-22,1,237,1
,2020-9-22,2,3745,1
,2020-9-22,1,223,1
,2020-9-22,1,1441,1
,2020-9-22,4,93,11
,2020-9-22,3,999,3
,2020-9-22,5,2332,6
,2020-9-22,2,3347,7
,2020-9-22,2,1133,1
,2020-9-22,2,1395,1
,2020-9-22,3,3101,4
,2020-9-22,3,3332,14
,2020-9-22,3,3980,3
,2020-9-22,2,3349,6
,2020-9-22,8,3276,15
,2020-9-22,1,207,1
,2020-9-22,2,1908,8
,2020-9-22,1,3033,1
,2020-9-22,3,2403,10
,2020-9-22,1,3426,14
,2020-9-22,1,2647,1
,2020-9-22,3,142,16
,2020-9-22,2,1408,1
,2020-9-22,2,2251,1
,2020-9-22,1,945,1
,2020-9-22,5,1732,8
,2020-9-22,2,2382,1
,2020-9-22,2,3872,1
,2020-9-22,2,2216,1
,2020-9-22,1,4013,1
,2020-9-22,10,1498,10
,2020-9-22,11,2131,19
,2020-9-22,2,2362,2
,2020-9-22,4,3521,13
,2020-9-22,2,3486,1
,2020-9-22,1,3000,1
,2020-9-22,11,3429,17
,2020-9-22,1,362,1
,2020-9-22,2,3471,1
,2020-9-22,2,1197,1
,2020-9-22,9,507,17
,2020-9-22,1,2839,1
,2020-9-22,1,3732,1
,2020-9-22,2,3487,1
,2020-9-22,1,2976,1
,2020-9-22,2,2748,1
,2020-9-22,2,2675,1
,2020-9-22,2,3637,1
,2020-9-22,7,1545,14
,2020-9-22,2,3076,1
,2020-9-22,2,1128,1
,2020-9-22,1,3215,1
,2020-9-22,1,2715,1
,2020-9-22,12,2169,16
,2020-9-22,2,4036,1
,2020-9-22,1,2449,1
,2020-9-22,2,3970,9
,2020-9-22,9,1034,9
,2020-9-22,1,1201,1
,2020-9-22,2,90,3
,2020-9-22,1,593,1
,2020-9-22,2,149,1
,2020-9-22,1,3995,1
,2020-9-22,2,1955,1
,2020-9-22,1,3218,1
,2020-9-22,2,3483,1
,2020-9-22,2,3025,1
,2020-9-22,2,3447,1
,2020-9-22,15,626,15
,2020-9-22,10,3607,15
,2020-9-22,2,1185,1
,2020-9-22,2,2065,1
,2020-9-22,1,944,1
,2020-9-22,1,642,1
,2020-9-22,6,1643,8
,2020-9-22,1,865,1
,2020-9-22,1,2996,1
,2020-9-22,7,3110,12
,2020-9-22,1,309,1
,2020-9-22,2,469,2
,2020-9-22,5,3591,14
,2020-9-22,1,3610,1
,2020-9-22,2,227,1
,2020-9-22,9,1925,9
,2020-9-22,1,3218,1
,2020-9-22,10,3583,19
,2020-9-22,11,2954,17
,2020-9-22,1,1607,1
,2020-9-22,2,843,1
,2020-9-22,2,1776,1
,2020-9-22,2,3133,1
,2020-9-22,1,645,1
,2020-9-22,1,1409,1
,2020-9-22,4,1652,3
,2020-9-22,3,2407,4
,2020-9-22,1,885,1
,2020-9-23,1,878,1
,2020-9-23,1,975,1
,2020-9-23,2,3629,1
,2020-9-23,3,1904,2
,2020-9-23,2,150,1
,2020-9-23,1,601,1
,2020-9-23,4,1905,14
,2020-9-23,1,252,1
,2020-9-23,2,3712,1
,2020-9-23,2,120,11
,2020-9-23,2,1221,1
,2020-9-23,2,3282,18
,2020-9-23,1,3782,1
,2020-9-23,2,850,1
,2020-9-23,3,1843,5
,2020-9-23,2,3488,1
,2020-9-23,2,3426,14
,2020-9-23,8,997,11
,2020-9-23,2,693,1
,2020-9-23,2,1826,1
,2020-9-23,3,3319,7
,2020-9-23,13,1077,18
,2020-9-23,2,2213,1
,2020-9-23,7,3989,6
,2020-9-23,2,2791,1
,2020-9-23,2,1233,1
,2020-9-23,11,1863,15
,2020-9-23,1,1582,1
,2020-9-23,3,2397,9
,2020-9-23,11,3614,18
,2020-9-23,1,1108,1
,2020-9-23,6,3347,7
,2020-9-23,9,200,16
,2020-9-23,2,1076,5
,2020-9-23,2,2263,1
,2020-9-23,6,2431,11
,2020-9-23,1,3431,1
,2020-9-23,2,1602,1
,2020-9-23,2,855,1
,2020-9-23,1,3628,1
,2020-9-23,6,3985,19
,2020-9-23,6,2503,5
,2020-9-23,2,1984,1
,2020-9-23,2,77,5
,2020-9-23,1,3652,1
,2020-9-23,1,3425,4
,2020-9-23,5,3281,5
,2020-9-23,1,1100,1
,2020-9-23,2,174,1
,2020-9-23,1,3775,1
,2020-9-23,4,2576,5
,2020-9-23,1,1212,1
,2020-9-23,2,1690,2
,2020-9-23,2,3208,1
,2020-9-23,1,2039,1
,2020-9-23,2,292,1
,2020-9-23,4,3287,7
,2020-9-23,2,3119,1
,2020-9-23,2,2102,1
,2020-9-23,1,2196,1
,2020-9-23,1,325,1
,2020-9-23,4,477,15
,2020-9-23,1,2978,1
,2020-9-23,2,246,1
,2020-9-23,19,1162,18
,2020-9-23,2,2809,1
,2020-9-23,2,536,1
,2020-9-23,7,3940,15
,2020-9-23,2,290,1
,2020-9-23,2,3189,1
,2020-9-23,1,447,1
,2020-9-23,2,2379,1
,2020-9-23,1,2870,1
,2020-9-23,1,3804,1
,2020-9-23,2,2179,1
,2020-9-23,2,2253,1
,2020-9-23,6,2353,6
,2020-9-23,1,327,1
,2020-9-23,1,3544,0
,2020-9-23,1,3177,1
,2020-9-23,2,2209,1
,2020-9-23,10,1648,9
,2020-9-23,13,2365,15
,2020-9-23,3,1639,11
,2020-9-23,1,2201,1
,2020-9-23,1,1813,1
,2020-9-23,2,248,1
,2020-9-23,1,2261,1
,2020-9-23,13,3589,13
,2020-9-23,2,1554,1
,2020-9-23,2,1296,1
,2020-9-23,1,673,1
,2020-9-23,1,3669,1
,2020-9-23,1,1192,1
,2020-9-23,3,811,4
,2020-9-23,3,1533,2
,2020-9-23,1,297,1
,2020-9-23,3,3083,15
,2020-9-23,2,1174,1
,2020-9-23,1,3267,1
,2020-9-23,15,3765,18
,2020-9-23,2,1205,1
,2020-9-23,5,3529,15
,2020-9-23,1,2056,1
,2020-9-23,13,2533,15
,2020-9-23,1,2290,1
,2020-9-23,2,3713,1
,2020-9-23,2,1307,1
,2020-9-23,2,2069,1
,2020-9-23,2,1864,3
,2020-9-23,2,2349,1
,2020-9-23,1,3280,10
,2020-9-23,2,101,19
,2020-9-23,5,844,11
,2020-9-23,2,3239,1
,2020-9-23,1,2043,1
,2020-9-23,1,2339,11
,2020-9-23,1,3887,1
,2020-9-23,2,398,1
,2020-9-23,12,826,11
,2020-9-23,7,1736,9
,2020-9-23,1,3258,5
,2020-9-23,17,2952,16
,2020-9-23,3,2589,5
,2020-9-23,1,3615,0
,2020-9-23,3,618,7
,2020-9-23,2,3135,1
,2020-9-23,2,823,5
,2020-9-23,1,160,1
,2020-9-23,2,1849,2
,2020-9-23,2,2373,1
,2020-9-23,1,100,3
,2020-9-23,2,155,1
,2020-9-23,2,573,1
,2020-9-23,1,2063,1
,2020-9-23,1,1060,2
,2020-9-23,2,3025,1
,2020-9-23,12,1165,14
,2020-9-23,2,2546,1
,2020-9-23,2,266,1
,2020-9-23,5,1480,13
,2020-9-23,14,429,19
,2020-9-23,4,33,18
,2020-9-23,2,2916,1
,2020-9-23,9,2431,11
,2020-9-23,1,2477,1
,2020-9-23,10,1902,20
,2020-9-23,1,3863,1
,2020-9-23,2,1051,3
,2020-9-23,2,3908,1
,2020-9-23,2,3403,1
,2020-9-23,2,3882,1
,2020-9-23,2,1618,1
,2020-9-23,2,3627,1
,2020-9-23,2,706,1
,2020-9-23,1,2099,1
,2020-9-23,3,832,5
,2020-9-23,2,2498,1
,2020-9-23,2,2493,1
,2020-9-23,1,1798,1
,2020-9-23,2,1308,1
,2020-9-23,1,2529,0
,2020-9-23,1,1139,1
,2020-9-23,1,1494,0
,2020-9-23,1,814,1
,2020-9-23,5,3249,6
,2020-9-23,14,2119,18
,2020-9-23,2,3139,1
,2020-9-23,2,810,8
,2020-9-23,2,1958,1
,2020-9-23,10,3261,9
,2020-9-23,1,376,1
,2020-9-23,2,2530,1
,2020-9-23,2,2231,1
,2020-9-23,1,1296,1
,2020-9-23,5,3593,14
,2020-9-23,1,3670,1
,2020-9-23,10,99,10
,2020-9-23,2,1612,1
,2020-9-23,13,1496,15
,2020-9-23,3,3101,4
,2020-9-23,1,3612,1
,2020-9-23,1,2447,1
,2020-9-23,11,1669,11
,2020-9-23,1,592,1
,2020-9-23,2,4026,1
,2020-9-23,1,1244,1
,2020-9-23,2,1056,18
,2020-9-23,1,3367,1
,2020-9-23,2,1609,1
,2020-9-23,1,3248,1
,2020-9-23,3,2153,11
,2020-9-23,1,1527,1
,2020-9-23,2,2488,1
,2020-9-23,1,691,1
,2020-9-23,2,3481,1
,2020-9-23,2,2681,1
,2020-9-23,1,2571,0
,2020-9-23,1,348,1
,2020-9-23,2,2096,1
,2020-9-23,2,3566,1
,2020-9-23,16,463,17
,2020-9-23,1,2028,1
,2020-9-23,1,148,1
,2020-9-23,1,334,1
,2020-9-23,1,2454,1
,2020-9-23,2,1702,5
,2020-9-23,1,1295,1
,2020-9-23,1,1408,1
,2020-9-23,13,199,19
,2020-9-23,1,2630,1
,2020-9-23,2,2384,1
,2020-9-23,2,464,1
,2020-9-23,2,3190,1
,2020-9-23,5,2112,5
,2020-9-23,1,3726,1
,2020-9-23,15,982,15
,2020-9-23,1,2223,1
,2020-9-23,2,3828,1
,2020-9-23,2,1364,1
,2020-9-23,2,539,1
,2020-9-23,2,1620,1
,2020-9-23,1,3849,1
,2020-9-23,4,497,7
,2020-9-23,2,2783,1
,2020-9-23,1,2034,1
,2020-9-23,1,2624,1
,2020-9-23,1,2754,1
,2020-9-23,1,1172,1
,2020-9-23,1,2382,1
,2020-9-23,6,1647,7
,2020-9-23,9,116,14
,2020-9-23,2,3582,1
,2020-9-23,3,67,4
,2020-9-23,2,800,15
,2020-9-23,1,1804,1
,2020-9-23,1,1534,5
,2020-9-23,1,560,1
,2020-9-23,2,1089,1
,2020-9-23,7,3507,12
,2020-9-23,2,1192,1
,2020-9-23,2,1141,1
,2020-9-23,2,1460,1
,2020-9-23,1,3144,1
,2020-9-23,2,2993,1
,2020-9-23,8,3280,10
,2020-9-23,3,1928,18
,2020-9-23,1,3042,1
,2020-9-23,2,2243,1
,2020-9-23,3,2305,2
,2020-9-23,2,3131,1
,2020-9-23,7,3309,12
,2020-9-23,1,2679,1
,2020-9-23,2,2176,1
,2020-9-23,1,2049,1
,2020-9-23,1,816,6
,2020-9-23,2,2604,1
,2020-9-23,1,2905,1
,2020-9-23,2,932,1
,2020-9-23,3,1382,17
,2020-9-23,2,3618,2
,2020-9-23,2,2094,1
,2020-9-23,1,3162,1
,2020-9-23,2,1187,1
,2020-9-23,1,2798,1
,2020-9-23,1,2073,1
,2020-9-23,5,990,14
,2020-9-23,1,3779,1
,2020-9-23,1,1144,1
,2020-9-23,2,2947,1
,2020-9-23,2,2984,1
,2020-9-23,1,375,1
,2020-9-23,4,2109,12
,2020-9-23,9,1724,11
,2020-9-23,1,2470,1
,2020-9-23,3,2133,18
,2020-9-23,1,2018,1
,2020-9-23,2,2334,3
,2020-9-23,12,3358,19
,2020-9-23,1,3525,8
,2020-9-23,1,2229,1
,2020-9-23,3,35,2
,2020-9-23,2,3438,1
,2020-9-23,7,3319,7
,2020-9-23,3,2583,6
,2020-9-23,11,507,17
,2020-9-23,2,896,1
,2020-9-23,4,2724,8
,2020-9-23,1,2352,1
,2020-9-23,1,1302,1
,2020-9-23,1,3625,1
,2020-9-23,1,2909,1
,2020-9-23,3,60,4
,2020-9-23,2,1588,1
,2020-9-23,2,1173,1
,2020-9-23,1,739,4
,2020-9-23,4,2122,14
,2020-9-23,2,3478,1
,2020-9-23,1,3773,1
,2020-9-23,1,653,1
,2020-9-23,1,3012,1
,2020-9-23,2,2611,1
,2020-9-23,1,3170,1
,2020-9-23,2,2618,1
,2020-9-23,2,3119,1
,2020-9-23,13,71,15
,2020-9-23,1,3353,1
,2020-9-23,1,1331,1
,2020-9-23,8,56,15
,2020-9-23,1,919,1
,2020-9-23,11,2079,11
,2020-9-23,1,1110,1
,2020-9-23,2,329,1
,2020-9-23,2,3235,1
,2020-9-23,12,2410,19
,2020-9-23,2,3039,1
,2020-9-23,2,1978,1
,2020-9-23,2,3622,1
,2020-9-23,9,1159,11
,2020-9-23,4,38,4
,2020-9-23,3,995,2
,2020-9-23,2,3610,1
,2020-9-23,2,1627,1
,2020-9-23,1,1998,1
,2020-9-23,4,2958,4
,2020-9-23,1,3895,1
,2020-9-23,1,3051,1
,2020-9-23,3,1662,13
,2020-9-23,6,2570,11
,2020-9-23,2,2705,1
,2020-9-23,1,2833,1
,2020-9-23,1,196,1
,2020-9-23,13,1840,14
,2020-9-23,1,2880,1
,2020-9-23,1,2772,1
,2020-9-23,9,1877,9
,2020-9-23,2,2633,1
,2020-9-23,15,3276,15
,2020-9-23,1,3849,1
,2020-9-23,1,1014,1
,2020-9-23,1,1333,1
,2020-9-23,9,5,12
,2020-9-23,1,269,1
,2020-9-23,3,3972,11
,2020-9-23,2,3717,1
,2020-9-23,1,3667,1
,2020-9-23,1,3353,1
,2020-9-23,1,3638,1
,2020-9-23,2,2022,1
,2020-9-23,1,557,1
,2020-9-23,2,3458,1
,2020-9-23,1,2008,1
,2020-9-23,1,3627,1
,2020-9-23,2,567,1
,2020-9-23,5,2584,4
,2020-9-23,2,2635,1
,2020-9-23,1,1304,1
,2020-9-23,1,2546,1
,2020-9-23,1,3129,1
,2020-9-23,1,923,1
,2020-9-23,2,1761,1
,2020-9-23,13,2121,18
,2020-9-23,4,1384,11
,2020-9-23,2,3134,1
,2020-9-23,1,946,1
,2020-9-23,2,2740,1
,2020-9-23,6,3297,7
,2020-9-23,3,13,3
,2020-9-23,2,2072,1
,2020-9-23,4,199,19
,2020-9-23,1,233,1
,2020-9-23,16,106,19
,2020-9-23,1,3076,1
,2020-9-23,5,3429,17
,2020-9-23,2,1254,1
,2020-9-23,2,1285,1
,2020-9-23,6,71,15
,2020-9-23,3,100,3
,2020-9-23,2,1627,1
,2020-9-23,1,242,1
,2020-9-23,1,3255,3
,2020-9-23,1,1903,8
,2020-9-23,14,3291,18
,2020-9-23,2,3758,1
,2020-9-23,2,1786,1
,2020-9-23,1,873,1
,2020-9-23,16,135,18
,2020-9-23,1,179,1
,2020-9-23,1,654,1
,2020-9-23,4,1028,11
,2020-9-23,2,320,1
,2020-9-23,1,1612,1
,2020-9-23,1,3035,1
,2020-9-23,1,3455,1
,2020-9-23,2,3796,1
,2020-9-23,3,3945,2
,2020-9-23,2,1328,1
,2020-9-23,1,1328,1
,2020-9-23,1,2660,1
,2020-9-23,6,1908,8
,2020-9-23,2,2753,1
,2020-9-23,1,2526,4
,2020-9-23,2,2790,1
,2020-9-23,2,1422,1
,2020-9-23,6,3330,10
,2020-9-23,1,3029,1
,2020-9-23,11,2083,14
,2020-9-23,5,1698,18
,2020-9-23,7,22,8
,2020-9-23,3,2311,4
,2020-9-23,7,3090,11
,2020-9-23,2,439,1
,2020-9-23,1,1991,1
,2020-9-23,2,1076,5
,2020-9-23,1,909,1
,2020-9-23,2,570,1
,2020-9-23,4,2157,6
,2020-9-23,6,837,15
,2020-9-23,2,2847,1
,2020-9-23,1,2984,1
,2020-9-23,1,421,1
,2020-9-23,9,842,12
,2020-9-23,1,3353,1
,2020-9-23,1,3048,1
,2020-9-23,2,1219,1
,2020-9-23,2,878,1
,2020-9-23,1,244,1
,2020-9-23,2,1823,1
,2020-9-23,1,1794,1
,2020-9-23,2,2493,1
,2020-9-23,2,818,1
,2020-9-23,1,3292,5
,2020-9-23,2,664,1
,2020-9-23,8,1875,7
,2020-9-23,11,84,18
,2020-9-23,6,1538,12
,2020-9-23,9,2335,19
,2020-9-23,16,2124,16
,2020-9-23,1,3883,1
,2020-9-23,2,2883,1
,2020-9-23,1,3169,1
,2020-9-23,8,615,13
,2020-9-23,2,749,1
,2020-9-23,1,1399,1
,2020-9-24,2,3139,1
,2020-9-24,1,3842,1
,2020-9-24,17,1382,17
,2020-9-24,9,3519,18
,2020-9-24,1,2234,1
,2020-9-24,2,1018,1
,2020-9-24,1,2452,1
,2020-9-24,4,10,8
,2020-9-24,2,3014,1
,2020-9-24,2,1258,1
,2020-9-24,2,2237,1
,2020-9-24,1,2571,0
,2020-9-24,15,3299,19
,2020-9-24,2,240,1
,2020-9-24,4,1701,6
,2020-9-24,1,3590,3
,2020-9-24,10,477,15
,2020-9-24,5,1925,9
,2020-9-24,1,1765,1
,2020-9-24,2,1778,1
,2020-9-24,7,759,6
,2020-9-24,8,1390,14
,2020-9-24,2,1140,1
,2020-9-24,1,3708,1
,2020-9-24,2,1974,1
,2020-9-24,3,1277,3
,2020-9-24,13,50,19
,2020-9-24,1,3162,1
,2020-9-24,6,3383,7
,2020-9-24,2,2440,1
,2020-9-24,2,3205,1
,2020-9-24,9,3529,15
,2020-9-24,2,889,1
,2020-9-24,2,1617,1
,2020-9-24,10,3614,18
,2020-9-24,1,1464,1
,2020-9-24,1,3980,3
,2020-9-24,1,3466,1
,2020-9-24,2,1239,1
,2020-9-24,4,2354,4
,2020-9-24,2,2682,1
,2020-9-24,2,3148,1
,2020-9-24,1,2190,1
,2020-9-24,2,210,1
,2020-9-24,7,2088,9
,2020-9-24,2,2940,1
,2020-9-24,11,1370,11
,2020-9-24,4,2397,9
,2020-9-24,7,3581,16
,2020-9-24,2,2683,1
,2020-9-24,2,1055,5
,2020-9-24,1,2981,1
,2020-9-24,6,484,5
,2020-9-24,1,2944,1
,2020-9-24,1,3821,1
,2020-9-24,2,508,7
,2020-9-24,1,733,1
,2020-9-24,7,1644,6
,2020-9-24,1,1410,1
,2020-9-24,3,1286,19
,2020-9-24,2,3025,1
,2020-9-24,3,1657,2
,2020-9-24,1,2234,1
,2020-9-24,11,114,20
,2020-9-24,12,1905,14
,2020-9-24,2,354,1
,2020-9-24,8,2591,19
,2020-9-24,1,2613,1
,2020-9-24,5,1148,13
,2020-9-24,1,3860,1
,2020-9-24,2,2270,1
,2020-9-24,1,3467,1
,2020-9-24,1,949,1
,2020-9-24,2,2920,1
,2020-9-24,3,1146,7
,2020-9-24,1,3019,1
,2020-9-24,5,490,11
,2020-9-24,2,516,1
,2020-9-24,13,1729,15
,2020-9-24,1,380,1
,2020-9-24,1,3864,1
,2020-9-24,7,3377,11
,2020-9-24,2,3853,1
,2020-9-24,20,3963,20
,2020-9-24,3,1713,4
,2020-9-24,2,3361,1
,2020-9-24,1,145,1
,2020-9-24,6,2366,6
,2020-9-24,1,110,1
,2020-9-24,9,1271,16
,2020-9-24,2,1974,1
,2020-9-24,2,2647,1
,2020-9-24,15,616,19
,2020-9-24,1,3149,1
,2020-9-24,1,3048,1
,2020-9-24,1,3400,1
,2020-9-24,1,1425,1
,2020-9-24,12,1352,15
,2020-9-24,2,2910,1
,2020-9-24,5,1948,6
,2020-9-24,1,1105,1
,2020-9-24,2,876,1
,2020-9-24,2,3218,1
,2020-9-24,2,3931,3
,2020-9-24,1,3736,1
,2020-9-24,1,2775,2
,2020-9-24,2,713,1
,2020-9-24,2,2856,1
,2020-9-24,2,2797,1
,2020-9-24,2,1181,1
,2020-9-24,8,3491,10
,2020-9-24,2,171,1
,2020-9-24,2,730,1
,2020-9-24,2,974,1
,2020-9-24,2,422,1
,2020-9-24,2,1808,1
,2020-9-24,1,3240,1
,2020-9-24,2,2773,1
,2020-9-24,1,2662,1
,2020-9-24,11,621,10
,2020-9-24,2,3223,1
,2020-9-24,1,287,1
,2020-9-24,2,2398,7
,2020-9-24,1,1592,1
,2020-9-24,1,2835,1
,2020-9-24,2,1661,1
,2020-9-24,2,3141,1
,2020-9-24,8,202,16
,2020-9-24,2,2937,1
,2020-9-24,2,3808,1
,2020-9-24,2,3964,15
,2020-9-24,2,3530,11
,2020-9-24,4,3313,4
,2020-9-24,1,2743,1
,2020-9-24,1,572,1
,2020-9-24,2,355,1
,2020-9-24,5,2327,7
,2020-9-24,2,399,1
,2020-9-24,14,2083,14
,2020-9-24,3,3593,14
,2020-9-24,2,531,1
,2020-9-24,2,2621,1
,2020-9-24,1,2352,1
,2020-9-24,18,1895,19
,2020-9-24,5,2321,8
,2020-9-24,1,3446,1
,2020-9-24,1,3787,1
,2020-9-24,6,1483,6
,2020-9-24,2,2287,1
,2020-9-24,2,2069,1
,2020-9-24,3,2079,11
,2020-9-24,1,1337,1
,2020-9-24,1,856,1
,2020-9-24,2,1457,1
,2020-9-24,1,959,1
,2020-9-24,1,297,1
,2020-9-24,2,1438,1
,2020-9-24,2,11,17
,2020-9-24,1,2246,1
,2020-9-24,2,522,1
,2020-9-24,1,3622,1
,2020-9-24,1,1157,2
,2020-9-24,1,3027,1
,2020-9-24,10,1147,11
,2020-9-24,1,565,1
,2020-9-24,7,2590,7
,2020-9-24,7,3374,9
,2020-9-24,4,2725,10
,2020-9-24,2,3856,1
,2020-9-24,1,3191,1
,2020-9-24,2,634,1
,2020-9-24,2,1936,4
,2020-9-24,15,3408,14
,2020-9-24,12,1073,16
,2020-9-24,2,2373,1
,2020-9-24,2,2718,1
,2020-9-24,1,569,1
,2020-9-24,2,2207,1
,2020-9-24,2,2729,8
,2020-9-24,7,496,16
,2020-9-24,2,2959,5
,2020-9-24,5,2389,6
,2020-9-24,2,1399,1
,2020-9-24,2,793,4
,2020-9-24,2,1085,1
,2020-9-24,2,3150,1
,2020-9-24,1,1131,1
,2020-9-24,1,3848,1
,2020-9-24,2,2914,1
,2020-9-24,1,2050,1
,2020-9-24,4,1644,6
,2020-9-24,2,2872,1
,2020-9-24,1,1099,1
,2020-9-24,2,3902,1
,2020-9-24,1,1225,1
,2020-9-24,5,2087,20
,2020-9-24,2,3359,1
,2020-9-24,1,702,1
,2020-9-24,4,981,4
,2020-9-24,8,2578,15
,2020-9-24,1,3185,1
,2020-9-24,1,2040,1
,2020-9-24,12,135,18
,2020-9-24,8,473,13
,2020-9-24,9,3525,8
,2020-9-24,3,2406,5
,2020-9-24,1,1589,1
,2020-9-24,1,2741,1
,2020-9-24,1,2554,1
,2020-9-24,2,3441,1
,2020-9-24,2,3370,1
,2020-9-24,1,1707,1
,2020-9-24,1,3641,1
,2020-9-24,5,1365,10
,2020-9-24,1,3073,1
,2020-9-24,2,3206,1
,2020-9-24,2,3168,1
,2020-9-24,8,2573,16
,2020-9-24,11,2518,13
,2020-9-24,2,2781,1
,2020-9-24,9,2088,9
,2020-9-24,8,1898,7
,2020-9-24,1,386,1
,2020-9-24,2,2958,4
,2020-9-24,6,1005,9
,2020-9-24,4,986,9
,2020-9-24,2,1637,1
,2020-9-24,2,1366,5
,2020-9-24,2,3041,1
,2020-9-24,11,3344,14
,2020-9-24,1,2448,1
,2020-9-24,12,85,13
,2020-9-24,7,1891,11
,2020-9-24,2,731,1
,2020-9-24,1,3314,1
,2020-9-24,4,3,13
,2020-9-24,4,2325,7
,2020-9-24,1,3608,18
,2020-9-24,2,1821,1
,2020-9-24,1,1129,1
,2020-9-24,1,2696,1
,2020-9-24,2,1270,1
,2020-9-24,1,1830,1
,2020-9-24,1,2899,1
,2020-9-24,2,720,1
,2020-9-24,2,238,1
,2020-9-24,1,2691,1
,2020-9-24,10,1909,15
,2020-9-24,6,108,7
,2020-9-24,2,2864,1
,2020-9-24,2,3838,1
,2020-9-24,2,3754,1
,2020-9-24,2,3695,1
,2020-9-24,5,3675,14
,2020-9-24,2,336,1
,2020-9-24,1,4028,1
,2020-9-24,2,607,1
,2020-9-24,1,3047,1
,2020-9-24,1,2894,1
,2020-9-24,10,3384,14
,2020-9-24,13,1351,20
,2020-9-24,1,1416,1
,2020-9-24,2,2394,2
,2020-9-24,12,1888,16
,2020-9-24,2,2499,11
,2020-9-24,1,766,1
,2020-9-24,1,546,1
,2020-9-24,4,3108,6
,2020-9-24,1,2654,1
,2020-9-24,2,4039,1
,2020-9-24,3,2775,2
,2020-9-24,1,275,1
,2020-9-24,1,2743,1
,2020-9-24,10,78,18
,2020-9-24,1,965,1
,2020-9-24,3,3334,10
,2020-9-24,2,515,1
,2020-9-24,1,1191,1
,2020-9-24,9,3257,18
,2020-9-24,2,1086,1
,2020-9-24,1,2382,1
,2020-9-24,2,3854,1
,2020-9-24,2,275,1
,2020-9-24,1,396,1
,2020-9-24,2,2821,1
,2020-9-24,1,3720,1
,2020-9-24,2,475,7
,2020-9-24,2,2750,1
,2020-9-24,1,2785,1
,2020-9-24,2,1255,1
,2020-9-24,1,3169,1
,2020-9-24,1,406,1
,2020-9-24,16,2405,19
,2020-9-24,1,2716,1
,2020-9-24,2,336,1
,2020-9-24,3,2396,10
,2020-9-24,1,1229,1
,2020-9-24,1,2825,1
,2020-9-24,2,3499,1
,2020-9-24,1,542,1
,2020-9-24,1,2463,1
,2020-9-24,1,2077,1
,2020-9-24,1,1336,1
,2020-9-24,7,1001,8
,2020-9-24,1,2491,1
,2020-9-24,2,3733,1
,2020-9-24,1,2561,1
,2020-9-24,1,1109,1
,2020-9-24,2,216,1
,2020-9-24,1,87,1
,2020-9-24,1,736,1
,2020-9-24,1,1920,1
,2020-9-24,2,1125,1
,2020-9-24,1,3172,1
,2020-9-24,1,1304,1
,2020-9-24,1,1456,1
,2020-9-24,1,2681,1
,2020-9-24,1,2412,1
,2020-9-24,4,1531,12
,2020-9-24,2,621,10
,2020-9-24,5,743,6
,2020-9-24,1,2376,1
,2020-9-24,2,2839,1
,2020-9-24,2,3085,17
,2020-9-24,4,3579,7
,2020-9-24,1,578,1
,2020-9-24,1,3127,1
,2020-9-24,2,1421,1
,2020-9-24,2,888,1
,2020-9-24,2,3848,1
,2020-9-24,8,1165,14
,2020-9-24,1,2848,1
,2020-9-24,2,1557,1
,2020-9-24,2,332,1
,2020-9-24,1,1792,1
,2020-9-24,2,1642,1
,2020-9-24,1,883,1
,2020-9-24,2,1742,1
,2020-9-24,2,1970,1
,2020-9-24,9,801,13
,2020-9-24,2,2258,1
,2020-9-24,1,2084,1
,2020-9-24,1,649,1
,2020-9-24,7,1940,11
,2020-9-24,2,2950,1
,2020-9-24,3,1161,3
,2020-9-24,1,1994,1
,2020-9-24,2,3783,1
,2020-9-24,8,3414,9
,2020-9-24,12,3351,14
,2020-9-24,2,3226,1
,2020-9-24,2,1126,1
,2020-9-24,1,1188,1
,2020-9-24,2,681,1
,2020-9-24,2,2643,1
,2020-9-24,1,3474,1
,2020-9-24,2,3225,1
,2020-9-24,2,1125,1
,2020-9-24,1,3664,1
,2020-9-24,1,3887,1
,2020-9-24,2,1222,1
,2020-9-24,2,3398,1
,2020-9-24,2,2492,1
,2020-9-24,1,1763,1
,2020-9-24,2,3871,1
,2020-9-24,1,1420,1
,2020-9-24,2,3037,1
,2020-9-24,2,1084,1
,2020-9-24,1,1627,1
,2020-9-24,2,160,1
,2020-9-24,1,772,1
,2020-9-24,1,3885,1
,2020-9-24,1,2758,1
,2020-9-24,4,1717,6
,2020-9-24,2,3191,1
,2020-9-24,1,2374,1
,2020-9-24,1,2712,1
,2020-9-24,1,3201,1
,2020-9-24,3,1954,7
,2020-9-24,1,1800,1
,2020-9-24,1,3196,1
,2020-9-24,12,103,19
,2020-9-24,1,2023,1
,2020-9-24,2,2876,1
,2020-9-24,1,1996,1
,2020-9-24,7,3252,18
,2020-9-24,1,531,1
,2020-9-24,2,2384,1
,2020-9-24,1,3789,1
,2020-9-24,1,3551,1
,2020-9-24,2,209,1
,2020-9-24,1,2115,1
,2020-9-24,2,446,1
,2020-9-24,2,2659,1
,2020-9-24,1,2801,1
,2020-9-24,2,2982,1
,2020-9-24,2,1628,1
,2020-9-24,2,349,1
,2020-9-24,2,149,1
,2020-9-24,10,1034,9
,2020-9-24,1,2827,1
,2020-9-24,1,1427,1
,2020-9-24,5,2714,11
,2020-9-24,6,3294,7
,2020-9-24,1,956,1
,2020-9-24,8,841,15
,2020-9-24,2,1717,6
,2020-9-24,2,3069,1
,2020-9-24,1,3826,1
,2020-9-24,1,1093,1
,2020-9-24,2,536,1
,2020-9-24,1,3922,1
,2020-9-24,6,2975,19
,2020-9-24,9,23,13
,2020-9-24,2,1630,1
,2020-9-24,2,2352,1
,2020-9-24,2,2060,1
,2020-9-24,9,1341,16
,2020-9-24,2,942,1
,2020-9-24,10,1878,16
,2020-9-24,1,2619,1
,2020-9-24,2,2487,1
,2020-9-24,2,2885,1
,2020-9-24,3,3429,17
,2020-9-24,10,193,10
,2020-9-24,2,1430,1
,2020-9-24,2,4015,1
,2020-9-24,2,1039,1
,2020-9-24,2,1816,1
,2020-9-24,2,3406,15
,2020-9-24,2,1743,1
,2020-9-24,1,1243,1
,2020-9-24,3,16,3
,2020-9-24,1,1234,1
,2020-9-24,1,3656,1
,2020-9-24,1,711,1
,2020-9-24,1,3072,1
,2020-9-24,2,1721,3
,2020-9-24,2,2179,1
,2020-9-24,10,3262,16
,2020-9-24,5,3349,6
,2020-9-24,2,502,3
,2020-9-24,2,3389,5
,2020-9-24,2,2282,1
,2020-9-24,5,2589,5
,2020-9-24,2,1640,2
,2020-9-24,6,184,16
,2020-9-24,1,693,1
,2020-9-24,6,4002,14
,2020-9-24,1,420,1
,2020-9-24,2,3058,1
,2020-9-24,5,1379,9
,2020-9-24,2,3870,1
,2020-9-24,8,2133,18
,2020-9-24,1,2997,1
,2020-9-24,13,3302,14
,2020-9-24,1,3542,0
,2020-9-24,2,2293,1
,2020-9-24,2,920,1
,2020-9-24,1,2270,1
,2020-9-24,2,1870,4
,2020-9-24,8,1544,11
,2020-9-24,1,2029,1
,2020-9-24,10,9,13
,2020-9-24,2,520,1
,2020-9-24,6,189,11
,2020-9-24,15,1894,18
,2020-9-24,2,1072,8
,2020-9-24,1,514,1
,2020-9-24,5,1713,4
,2020-9-24,1,2439,1
,2020-9-24,1,679,1
,2020-9-24,2,1736,9
,2020-9-24,3,758,7
,2020-9-24,2,3991,1
,2020-9-24,2,230,1
,9-25-2020,8,997,11
,9-25-2020,3,1150,7
,9-25-2020,3,838,11
,9-25-2020,8,1654,11
,9-25-2020,11,1650,13
,9-25-2020,3,3309,12
,9-25-2020,1,3014,1
,9-25-2020,1,1391,1
,9-25-2020,7,2093,18
,9-25-2020,1,2620,1
,9-25-2020,1,2666,1
,9-25-2020,2,528,1
,9-25-2020,12,1887,13
,9-25-2020,2,3457,1
,9-25-2020,2,1615,1
,9-25-2020,2,2108,10
,9-25-2020,1,2238,1
,9-25-2020,2,3123,1
,9-25-2020,1,3772,1
,9-25-2020,10,3541,14
,9-25-2020,2,2738,1
,9-25-2020,6,1719,19
,9-25-2020,2,3190,1
,9-25-2020,2,3894,1
,9-25-2020,1,3875,1
,9-25-2020,1,3855,1
,9-25-2020,1,1803,1
,9-25-2020,2,3148,1
,9-25-2020,2,3252,18
,9-25-2020,1,1646,1
,9-25-2020,2,3383,7
,9-25-2020,2,3734,1
,9-25-2020,2,2274,1
,9-25-2020,2,3215,1
,9-25-2020,2,2792,1
,9-25-2020,1,1455,1
,9-25-2020,1,3364,1
,9-25-2020,1,3324,7
,9-25-2020,1,3467,1
,9-25-2020,2,1245,1
,9-25-2020,1,3821,1
,9-25-2020,1,3897,1
,9-25-2020,1,3658,1
,9-25-2020,18,3600,18
,9-25-2020,1,3133,1
,9-25-2020,1,2681,1
,9-25-2020,2,999,3
,9-25-2020,2,376,1
,9-25-2020,2,278,1
,9-25-2020,2,818,1
,9-25-2020,2,2477,1
,9-25-2020,2,351,1
,9-25-2020,7,3675,14
,9-25-2020,1,1976,1
,9-25-2020,1,346,1
,9-25-2020,8,3578,17
,9-25-2020,2,2293,1
,9-25-2020,1,4032,1
,9-25-2020,2,1838,3
,9-25-2020,2,341,1
,9-25-2020,1,3797,1
,9-25-2020,2,2035,1
,9-25-2020,9,2105,14
,9-25-2020,1,2289,1
,9-25-2020,1,2658,1
,9-25-2020,12,480,12
,9-25-2020,5,2151,11
,9-25-2020,2,1107,1
,9-25-2020,2,304,1
,9-25-2020,1,2250,1
,9-25-2020,1,928,1
,9-25-2020,2,2082,18
,9-25-2020,18,3423,18
,9-25-2020,1,1453,1
,9-25-2020,2,2373,1
,9-25-2020,2,1218,1
,9-25-2020,7,1160,15
,9-25-2020,2,3635,1
,9-25-2020,2,2693,1
,9-25-2020,1,1402,1
,9-25-2020,1,898,1
,9-25-2020,2,1256,1
,9-25-2020,2,3004,1
,9-25-2020,2,1387,12
,9-25-2020,2,843,1
,9-25-2020,6,2321,8
,9-25-2020,2,218,1
,9-25-2020,1,271,1
,9-25-2020,2,3333,13
,9-25-2020,2,1256,1
,9-25-2020,1,2068,1
,9-25-2020,1,3243,1
,9-25-2020,2,2020,1
,9-25-2020,2,3053,1
,9-25-2020,1,3454,1
,9-25-2020,2,583,1
,9-25-2020,12,4002,14
,9-25-2020,2,2705,1
,9-25-2020,2,732,1
,9-25-2020,2,72,9
,9-25-2020,1,159,1
,9-25-2020,2,722,1
,9-25-2020,1,3819,1
,9-25-2020,9,782,18
,9-25-2020,1,1979,1
,9-25-2020,15,3539,16
,9-25-2020,2,1565,1
,9-25-2020,1,1657,2
,9-25-2020,1,2559,1
,9-25-2020,6,1666,10
,9-25-2020,4,1864,3
,9-25-2020,13,3951,20
,9-25-2020,3,1927,14
,9-25-2020,1,3152,1
,9-25-2020,2,2223,1
,9-25-2020,6,3613,13
,9-25-2020,2,3476,1
,9-25-2020,1,622,4
,9-25-2020,8,1031,9
,9-25-2020,1,1792,1
,9-25-2020,1,300,1
,9-25-2020,2,3479,1
,9-25-2020,2,1214,1
,9-25-2020,5,52,18
,9-25-2020,1,2852,1
,9-25-2020,2,593,1
,9-25-2020,2,2644,1
,9-25-2020,3,1153,9
,9-25-2020,1,1211,1
,9-25-2020,1,3548,1
,9-25-2020,1,2253,1
,9-25-2020,2,2781,1
,9-25-2020,1,2797,1
,9-25-2020,1,3552,1
,9-25-2020,14,3973,13
,9-25-2020,1,1744,1
,9-25-2020,1,3039,1
,9-25-2020,1,3482,1
,9-25-2020,2,3197,1
,9-25-2020,8,487,19
,9-25-2020,3,2007,5
,9-25-2020,2,3126,1
,9-25-2020,1,2209,1
,9-25-2020,11,790,12
,9-25-2020,1,2175,1
,9-25-2020,1,3395,1
,9-25-2020,10,1056,18
,9-25-2020,10,3604,11
,9-25-2020,9,474,16
,9-25-2020,16,3519,18
,9-25-2020,15,3502,15
,9-25-2020,2,3714,1
,9-25-2020,1,1990,1
,9-25-2020,2,2478,1
,9-25-2020,1,2492,1
,9-25-2020,2,2126,9
,9-25-2020,1,1657,2
,9-25-2020,5,45,5
,9-25-2020,2,1188,1
,9-25-2020,3,1489,7
,9-25-2020,18,3391,20
,9-25-2020,2,3842,1
,9-25-2020,4,1281,3
,9-25-2020,12,2326,15
,9-25-2020,2,3359,1
,9-25-2020,1,1096,1
,9-25-2020,1,1188,1
,9-25-2020,2,3723,1
,9-25-2020,1,3604,11
,9-25-2020,2,3780,1
,9-25-2020,1,3140,1
,9-25-2020,2,532,1
,9-25-2020,1,2647,1
,9-25-2020,2,328,1
,9-25-2020,1,2207,1
,9-25-2020,6,3107,10
,9-25-2020,9,3377,11
,9-25-2020,2,257,1
,9-25-2020,5,2108,10
,9-25-2020,1,1331,1
,9-25-2020,2,696,1
,9-25-2020,2,2278,1
,9-25-2020,1,3490,13
,9-25-2020,2,157,1
,9-25-2020,1,3134,1
,9-25-2020,2,1292,3
,9-25-2020,2,2792,1
,9-25-2020,11,70,10
,9-25-2020,5,118,16
,9-25-2020,2,3473,1
,9-25-2020,1,1133,1
,9-25-2020,2,3690,5
,9-25-2020,6,45,5
,9-25-2020,3,1293,13
,9-25-2020,1,3896,1
,9-25-2020,1,1684,1
,9-25-2020,2,3454,1
,9-25-2020,1,3567,1
,9-25-2020,1,3994,1
,9-25-2020,4,1550,3
,9-25-2020,10,3678,10
,9-25-2020,2,447,1
,9-25-2020,2,1686,2
,9-25-2020,5,1732,8
,9-25-2020,10,1471,11
,9-25-2020,4,2345,4
,9-25-2020,2,2014,1
,9-25-2020,1,2421,2
,9-25-2020,1,3208,1
,9-25-2020,13,2726,13
,9-25-2020,2,380,1
,9-25-2020,2,683,1
,9-25-2020,2,3170,1
,9-25-2020,1,2877,1
,9-25-2020,15,2329,18
,9-25-2020,2,591,1
,9-25-2020,2,373,1
,9-25-2020,3,1537,17
,9-25-2020,1,2681,1
,9-25-2020,2,1680,11
,9-25-2020,2,3497,1
,9-25-2020,1,3438,1
,9-25-2020,2,718,1
,9-25-2020,1,3914,1
,9-25-2020,2,2066,1
,9-25-2020,10,466,16
,9-25-2020,1,3778,1
,9-25-2020,2,2743,1
,9-25-2020,2,1298,1
,9-25-2020,1,3211,1
,9-25-2020,2,3443,1
,9-25-2020,1,1689,1
,9-25-2020,1,1978,1
,9-25-2020,2,,1
,9-25-2020,5,3572,18
,9-25-2020,2,2059,1
,9-25-2020,2,2748,1
,9-25-2020,2,2814,1
,9-25-2020,1,1589,1
,9-25-2020,2,3907,1
,9-25-2020,2,1101,1
,9-25-2020,1,754,6
,9-25-2020,1,3145,1
,9-25-2020,1,195,1
,9-25-2020,2,1757,1
,9-25-2020,2,2621,1
,9-25-2020,2,3843,1
,9-25-2020,9,2364,16
,9-25-2020,1,2024,1
,9-25-2020,2,535,1
,9-25-2020,2,2242,1
,9-25-2020,1,1239,1
,9-25-2020,7,1525,8
,9-25-2020,2,3624,1
,9-25-2020,2,915,1
,9-25-2020,1,3798,1
,9-25-2020,1,971,1
,9-25-2020,1,3884,1
,9-25-2020,1,1176,1
,9-25-2020,1,3923,1
,9-25-2020,10,3325,20
,9-25-2020,2,2612,1
,9-25-2020,1,1987,1
,9-25-2020,2,371,1
,9-25-2020,1,3742,1
,9-25-2020,1,2075,1
,9-25-2020,6,1641,14
,9-25-2020,1,1412,1
,9-25-2020,1,1424,1
,9-25-2020,4,51,15
,9-25-2020,1,527,1
,9-25-2020,6,1385,5
,9-25-2020,1,1454,1
,9-25-2020,1,3584,3
,9-25-2020,1,3862,1
,9-25-2020,1,3440,1
,9-25-2020,1,666,1
,9-25-2020,1,3383,7
,9-25-2020,1,3232,1
,9-25-2020,2,2065,1
,9-25-2020,2,4028,1
,9-25-2020,16,1880,19
,9-25-2020,2,2628,1
,9-25-2020,3,3609,5
,9-25-2020,15,1062,17
,9-25-2020,1,3701,1
,9-25-2020,11,2436,12
,9-25-2020,8,1536,8
,9-25-2020,2,1753,1
,9-25-2020,7,2586,6
,9-25-2020,2,1098,1
,9-25-2020,1,2055,1
,9-25-2020,1,1616,1
,9-25-2020,1,3839,1
,9-25-2020,2,1472,2
,9-25-2020,1,3860,1
,9-25-2020,2,249,1
,9-25-2020,2,2362,2
,9-25-2020,2,3727,1
,9-25-2020,17,2364,16
,9-25-2020,19,1719,19
,9-25-2020,14,3358,19
,9-25-2020,2,2448,1
,9-25-2020,5,1716,5
,9-25-2020,9,49,12
,9-25-2020,2,249,1
,9-25-2020,2,2989,1
,9-25-2020,1,2561,1
,9-25-2020,6,2114,7
,9-25-2020,1,2609,1
,9-25-2020,2,352,1
,9-25-2020,1,2817,1
,9-25-2020,2,1779,1
,9-25-2020,2,1782,1
,9-25-2020,2,2833,1
,9-25-2020,1,3223,1
,9-25-2020,2,577,1
,9-25-2020,3,3321,13
,9-25-2020,2,3062,1
,9-25-2020,1,2025,1
,9-25-2020,3,3108,6
,9-25-2020,2,2556,1
,9-25-2020,2,2063,1
,9-25-2020,2,2458,1
,9-25-2020,6,2730,10
,9-25-2020,4,2307,3
,9-25-2020,2,3439,1
,9-25-2020,1,1576,1
,9-25-2020,2,3126,1
,9-25-2020,6,989,8
,9-25-2020,3,434,4
,9-25-2020,1,2651,1
,9-25-2020,2,2262,1
,9-25-2020,5,1889,6
,9-25-2020,5,1735,14
,9-25-2020,1,785,0
,9-25-2020,15,470,18
,9-25-2020,12,821,16
,9-25-2020,2,1336,1
,9-25-2020,6,1371,6
,9-25-2020,1,1297,1
,9-25-2020,4,1038,10
,9-25-2020,1,704,1
,9-25-2020,1,2433,0
,9-25-2020,2,1091,1
,9-25-2020,8,1634,7
,9-25-2020,1,3464,1
,9-25-2020,2,1819,1
,9-25-2020,1,3922,1
,9-25-2020,2,3733,1
,9-25-2020,2,2270,1
,9-25-2020,2,898,1
,9-25-2020,1,3718,1
,9-25-2020,1,2073,1
,9-25-2020,9,3270,18
,9-25-2020,4,3955,9
,9-25-2020,2,48,8
,9-25-2020,1,3895,1
,9-25-2020,2,1573,1
,9-25-2020,1,2638,1
,9-25-2020,5,1720,8
,9-25-2020,1,2987,1
,9-25-2020,1,1131,1
,9-25-2020,1,1996,1
,9-25-2020,2,2759,1
,9-25-2020,1,2703,1
,9-25-2020,6,1915,7
,9-25-2020,2,2383,1
,9-25-2020,2,3476,1
,9-25-2020,1,3003,1
,9-25-2020,1,512,1
,9-25-2020,2,2381,1
,9-25-2020,1,2738,1
,9-25-2020,4,432,5
,9-25-2020,2,1434,1
,9-25-2020,1,388,1
,9-25-2020,2,1999,1
,9-25-2020,2,3464,1
,9-25-2020,3,823,5
,9-25-2020,5,477,15
,9-25-2020,4,1034,9
,9-25-2020,2,2767,1
,9-25-2020,8,504,9
,9-25-2020,5,1513,15
,9-25-2020,2,2748,1
,9-25-2020,4,1922,5
,9-25-2020,1,895,1
,9-25-2020,5,2325,7
,9-25-2020,2,980,8
,9-25-2020,2,3006,1
,9-25-2020,1,2759,1
,9-25-2020,6,19,16
,9-25-2020,2,3760,1
,9-25-2020,1,1769,1
,9-25-2020,1,1776,1
,9-25-2020,1,3725,1
,9-25-2020,1,713,1
,9-25-2020,1,3004,1
,9-25-2020,2,1462,1
,9-25-2020,1,1404,1
,9-25-2020,1,2032,1
,9-25-2020,2,1567,1
,9-25-2020,2,1583,1
,9-25-2020,1,770,1
,9-25-2020,4,3305,3
,9-25-2020,1,1972,1
,9-25-2020,13,3688,20
,9-25-2020,2,238,1
,9-25-2020,1,2664,1
,9-25-2020,11,121,11
,9-25-2020,1,1302,1
,9-25-2020,14,3277,15
,9-25-2020,11,798,11
,9-25-2020,1,3620,1
,9-25-2020,1,3744,1
,9-25-2020,1,532,1
,9-25-2020,2,3043,1
,9-25-2020,2,3668,1
,9-25-2020,2,3027,1
,9-25-2020,2,209,1
,9-25-2020,3,547,2
,9-25-2020,1,1258,1
,9-25-2020,1,2655,1
,9-25-2020,2,398,1
,9-25-2020,2,237,1
,9-25-2020,17,2146,18
,9-25-2020,4,3586,3
,9-25-2020,2,3831,1
,9-25-2020,3,3090,11
,9-25-2020,2,532,1
,9-25-2020,3,811,4
,9-25-2020,1,1107,1
,9-25-2020,1,1412,1
,9-25-2020,1,134,2
,9-25-2020,10,467,10
,9-25-2020,2,633,1
,9-25-2020,2,3012,1
,9-25-2020,5,1854,6
,9-25-2020,1,2747,1
,9-25-2020,1,3648,1
,9-25-2020,5,1499,18
,9-25-2020,6,3619,14
,9-25-2020,2,1214,1
,9-25-2020,2,438,1
,9-25-2020,12,2523,16
,9-25-2020,2,2281,1
,9-25-2020,11,2165,16
,9-25-2020,2,1090,1
,9-25-2020,2,309,1
,9-25-2020,1,3503,1
,9-25-2020,11,129,19
,9-25-2020,3,186,14
,9-25-2020,2,1317,1
,9-25-2020,1,3789,1
,9-25-2020,1,323,1
,9-25-2020,1,891,1
,9-25-2020,16,429,19
,9-25-2020,2,2999,1
,9-25-2020,12,2577,15
,9-25-2020,1,3598,5
,9-25-2020,9,2127,20
,9-25-2020,1,174,1
,9-25-2020,3,839,15
,9-25-2020,1,448,1
,9-25-2020,2,3004,1
,9-25-2020,2,700,1
,9-25-2020,1,3030,1
,9-25-2020,2,3057,1
,9-25-2020,1,90,3
,9-25-2020,1,2029,1
,9-25-2020,4,509,10
,9-25-2020,1,3859,1
,9-25-2020,2,1562,1
,9-25-2020,2,3631,1
,9-25-2020,1,893,1
,9-25-2020,1,3351,14
,9-25-2020,2,344,1
,9-25-2020,5,2316,9
,9-25-2020,1,3818,1
,9-25-2020,7,786,6
,9-25-2020,2,1167,1
,9-25-2020,2,2439,1
,9-25-2020,2,609,12
,9-25-2020,2,3672,2
,9-25-2020,4,819,4
,9-25-2020,1,391,1
,9-25-2020,9,3686,9
,9-25-2020,2,2631,1
,9-25-2020,2,869,1
,9-25-2020,2,1131,1
,9-25-2020,1,3720,1
,9-25-2020,2,3733,1
,9-25-2020,4,201,16
,9-25-2020,2,2867,1
,9-25-2020,2,2254,1
,9-25-2020,6,2403,10
,9-25-2020,2,2995,1
,9-25-2020,2,536,1
,9-25-2020,2,3484,1
,9-25-2020,2,4025,1
,9-25-2020,1,3886,1
,9-25-2020,2,1733,3
,9-25-2020,2,986,9
,9-25-2020,11,1066,15
,9-25-2020,4,2125,12
,9-25-2020,1,1558,1
,9-25-2020,8,1723,11
,9-25-2020,2,1106,1
,9-25-2020,2,4025,1
,9-25-2020,2,2813,1
,9-25-2020,11,2415,11
,9-25-2020,13,3321,13
,9-25-2020,2,3433,1
,9-25-2020,2,3891,1
,9-25-2020,2,173,1
,9-25-2020,1,1762,1
,9-25-2020,4,979,6
,9-25-2020,2,3241,1
,9-25-2020,1,3145,1
,9-25-2020,5,2513,7